,FundCode,FundName,TradingDay,NetWorth
0,014855,嘉实中证半导体指数增强发起式C,2023-03-03,1.1428
1,014855,嘉实中证半导体指数增强发起式C,2023-03-02,1.1056
2,014855,嘉实中证半导体指数增强发起式C,2023-03-01,1.113
3,014855,嘉实中证半导体指数增强发起式C,2023-02-28,1.1105
4,014855,嘉实中证半导体指数增强发起式C,2023-02-27,1.1057
5,014855,嘉实中证半导体指数增强发起式C,2023-02-24,1.1226
6,014855,嘉实中证半导体指数增强发起式C,2023-02-23,1.1251
7,014855,嘉实中证半导体指数增强发起式C,2023-02-22,1.1281
8,014855,嘉实中证半导体指数增强发起式C,2023-02-21,1.1276
9,014855,嘉实中证半导体指数增强发起式C,2023-02-20,1.1298
10,014855,嘉实中证半导体指数增强发起式C,2023-02-17,1.1203
11,014855,嘉实中证半导体指数增强发起式C,2023-02-16,1.1633
12,014855,嘉实中证半导体指数增强发起式C,2023-02-15,1.1848
13,014855,嘉实中证半导体指数增强发起式C,2023-02-14,1.161
14,014855,嘉实中证半导体指数增强发起式C,2023-02-13,1.1647
15,014855,嘉实中证半导体指数增强发起式C,2023-02-10,1.1553
16,014855,嘉实中证半导体指数增强发起式C,2023-02-09,1.1676
17,014855,嘉实中证半导体指数增强发起式C,2023-02-08,1.1219
18,014855,嘉实中证半导体指数增强发起式C,2023-02-07,1.1334
19,014855,嘉实中证半导体指数增强发起式C,2023-02-06,1.1453
20,014855,嘉实中证半导体指数增强发起式C,2023-02-03,1.1568
21,014855,嘉实中证半导体指数增强发起式C,2023-02-02,1.1565
22,014855,嘉实中证半导体指数增强发起式C,2023-02-01,1.1285
23,014855,嘉实中证半导体指数增强发起式C,2023-01-31,1.1075
24,014855,嘉实中证半导体指数增强发起式C,2023-01-30,1.1392
25,014855,嘉实中证半导体指数增强发起式C,2023-01-20,1.1502
26,014855,嘉实中证半导体指数增强发起式C,2023-01-19,1.1554
27,014855,嘉实中证半导体指数增强发起式C,2023-01-18,1.1369
28,014855,嘉实中证半导体指数增强发起式C,2023-01-17,1.1413
29,014855,嘉实中证半导体指数增强发起式C,2023-01-16,1.1104
30,014855,嘉实中证半导体指数增强发起式C,2023-01-13,1.0811
31,014855,嘉实中证半导体指数增强发起式C,2023-01-12,1.0822
32,014855,嘉实中证半导体指数增强发起式C,2023-01-11,1.0902
33,014855,嘉实中证半导体指数增强发起式C,2023-01-10,1.0936
34,014855,嘉实中证半导体指数增强发起式C,2023-01-09,1.0835
35,014855,嘉实中证半导体指数增强发起式C,2023-01-06,1.0779
36,014855,嘉实中证半导体指数增强发起式C,2023-01-05,1.0768
37,014855,嘉实中证半导体指数增强发起式C,2023-01-04,1.0691
38,014855,嘉实中证半导体指数增强发起式C,2023-01-03,1.094
39,014855,嘉实中证半导体指数增强发起式C,2022-12-30,1.075
40,014855,嘉实中证半导体指数增强发起式C,2022-12-29,1.0853
41,014855,嘉实中证半导体指数增强发起式C,2022-12-28,1.0853
42,014855,嘉实中证半导体指数增强发起式C,2022-12-27,1.0927
43,014855,嘉实中证半导体指数增强发起式C,2022-12-26,1.0741
44,014855,嘉实中证半导体指数增强发起式C,2022-12-23,1.0419
45,014855,嘉实中证半导体指数增强发起式C,2022-12-22,1.0656
46,014855,嘉实中证半导体指数增强发起式C,2022-12-21,1.0876
47,014855,嘉实中证半导体指数增强发起式C,2022-12-20,1.104
48,014855,嘉实中证半导体指数增强发起式C,2022-12-19,1.1107
49,014855,嘉实中证半导体指数增强发起式C,2022-12-16,1.134
50,014855,嘉实中证半导体指数增强发起式C,2022-12-15,1.16
51,014855,嘉实中证半导体指数增强发起式C,2022-12-14,1.1453
52,014855,嘉实中证半导体指数增强发起式C,2022-12-13,1.1409
53,014855,嘉实中证半导体指数增强发起式C,2022-12-12,1.1723
54,014855,嘉实中证半导体指数增强发起式C,2022-12-09,1.1565
55,014855,嘉实中证半导体指数增强发起式C,2022-12-08,1.1356
56,014855,嘉实中证半导体指数增强发起式C,2022-12-07,1.1566
57,014855,嘉实中证半导体指数增强发起式C,2022-12-06,1.1641
58,014855,嘉实中证半导体指数增强发起式C,2022-12-05,1.1353
59,014855,嘉实中证半导体指数增强发起式C,2022-12-02,1.1429
60,014855,嘉实中证半导体指数增强发起式C,2022-12-01,1.1503
61,014855,嘉实中证半导体指数增强发起式C,2022-11-30,1.1308
62,014855,嘉实中证半导体指数增强发起式C,2022-11-29,1.1367
63,014855,嘉实中证半导体指数增强发起式C,2022-11-28,1.1382
64,014855,嘉实中证半导体指数增强发起式C,2022-11-25,1.1455
65,014855,嘉实中证半导体指数增强发起式C,2022-11-24,1.1555
66,014855,嘉实中证半导体指数增强发起式C,2022-11-23,1.1572
67,014855,嘉实中证半导体指数增强发起式C,2022-11-22,1.1626
68,014855,嘉实中证半导体指数增强发起式C,2022-11-21,1.1781
69,014855,嘉实中证半导体指数增强发起式C,2022-11-18,1.1702
70,014855,嘉实中证半导体指数增强发起式C,2022-11-17,1.1988
71,014855,嘉实中证半导体指数增强发起式C,2022-11-16,1.178
72,014855,嘉实中证半导体指数增强发起式C,2022-11-15,1.2065
73,014855,嘉实中证半导体指数增强发起式C,2022-11-14,1.1491
74,014855,嘉实中证半导体指数增强发起式C,2022-11-11,1.1586
75,014855,嘉实中证半导体指数增强发起式C,2022-11-10,1.1477
76,014855,嘉实中证半导体指数增强发起式C,2022-11-09,1.1987
77,014855,嘉实中证半导体指数增强发起式C,2022-11-08,1.2195
78,014855,嘉实中证半导体指数增强发起式C,2022-11-07,1.2332
79,014855,嘉实中证半导体指数增强发起式C,2022-11-04,1.2577
80,014855,嘉实中证半导体指数增强发起式C,2022-11-03,1.2656
81,014855,嘉实中证半导体指数增强发起式C,2022-11-02,1.2214
82,014855,嘉实中证半导体指数增强发起式C,2022-11-01,1.2112
83,014855,嘉实中证半导体指数增强发起式C,2022-10-31,1.2155
84,014855,嘉实中证半导体指数增强发起式C,2022-10-28,1.2022
85,014855,嘉实中证半导体指数增强发起式C,2022-10-27,1.2034
86,014855,嘉实中证半导体指数增强发起式C,2022-10-26,1.2145
87,014855,嘉实中证半导体指数增强发起式C,2022-10-25,1.1928
88,014855,嘉实中证半导体指数增强发起式C,2022-10-24,1.1951
89,014855,嘉实中证半导体指数增强发起式C,2022-10-21,1.1788
90,014855,嘉实中证半导体指数增强发起式C,2022-10-20,1.1993
91,014855,嘉实中证半导体指数增强发起式C,2022-10-19,1.1134
92,014855,嘉实中证半导体指数增强发起式C,2022-10-18,1.1065
93,014855,嘉实中证半导体指数增强发起式C,2022-10-17,1.1101
94,014855,嘉实中证半导体指数增强发起式C,2022-10-14,1.0643
95,014855,嘉实中证半导体指数增强发起式C,2022-10-13,1.0715
96,014855,嘉实中证半导体指数增强发起式C,2022-10-12,1.08
97,014855,嘉实中证半导体指数增强发起式C,2022-10-11,1.0272
98,014855,嘉实中证半导体指数增强发起式C,2022-10-10,1.0772
99,014855,嘉实中证半导体指数增强发起式C,2022-09-30,1.2214
100,014855,嘉实中证半导体指数增强发起式C,2022-09-29,1.2763
101,014855,嘉实中证半导体指数增强发起式C,2022-09-28,1.2586
102,014855,嘉实中证半导体指数增强发起式C,2022-09-27,1.2947
103,014855,嘉实中证半导体指数增强发起式C,2022-09-26,1.2347
104,014855,嘉实中证半导体指数增强发起式C,2022-09-23,1.2111
105,014855,嘉实中证半导体指数增强发起式C,2022-09-22,1.2449
106,014855,嘉实中证半导体指数增强发起式C,2022-09-21,1.2298
107,014855,嘉实中证半导体指数增强发起式C,2022-09-20,1.266
108,014855,嘉实中证半导体指数增强发起式C,2022-09-19,1.2726
109,014855,嘉实中证半导体指数增强发起式C,2022-09-16,1.292
110,014855,嘉实中证半导体指数增强发起式C,2022-09-15,1.2818
111,014855,嘉实中证半导体指数增强发起式C,2022-09-14,1.3392
112,014855,嘉实中证半导体指数增强发起式C,2022-09-13,1.3239
113,014855,嘉实中证半导体指数增强发起式C,2022-09-09,1.3234
114,014855,嘉实中证半导体指数增强发起式C,2022-09-08,1.3424
115,014855,嘉实中证半导体指数增强发起式C,2022-09-07,1.3512
116,014855,嘉实中证半导体指数增强发起式C,2022-09-06,1.2931
117,014855,嘉实中证半导体指数增强发起式C,2022-09-05,1.2779
118,014855,嘉实中证半导体指数增强发起式C,2022-09-02,1.2604
119,014855,嘉实中证半导体指数增强发起式C,2022-09-01,1.2346
120,014855,嘉实中证半导体指数增强发起式C,2022-08-31,1.2499
121,014855,嘉实中证半导体指数增强发起式C,2022-08-30,1.2728
122,014855,嘉实中证半导体指数增强发起式C,2022-08-29,1.2534
123,014855,嘉实中证半导体指数增强发起式C,2022-08-26,1.2388
124,014855,嘉实中证半导体指数增强发起式C,2022-08-25,1.2586
125,014855,嘉实中证半导体指数增强发起式C,2022-08-24,1.2681
126,014855,嘉实中证半导体指数增强发起式C,2022-08-23,1.328
127,014855,嘉实中证半导体指数增强发起式C,2022-08-22,1.3362
128,014855,嘉实中证半导体指数增强发起式C,2022-08-19,1.3302
129,014855,嘉实中证半导体指数增强发起式C,2022-08-18,1.3715
130,014855,嘉实中证半导体指数增强发起式C,2022-08-17,1.3571
131,014855,嘉实中证半导体指数增强发起式C,2022-08-16,1.3517
132,014855,嘉实中证半导体指数增强发起式C,2022-08-15,1.3604
133,014855,嘉实中证半导体指数增强发起式C,2022-08-12,1.3589
134,014855,嘉实中证半导体指数增强发起式C,2022-08-11,1.3929
135,014855,嘉实中证半导体指数增强发起式C,2022-08-10,1.3792
136,014855,嘉实中证半导体指数增强发起式C,2022-08-09,1.3746
137,014855,嘉实中证半导体指数增强发起式C,2022-08-08,1.3502
138,014855,嘉实中证半导体指数增强发起式C,2022-08-05,1.3501
139,014855,嘉实中证半导体指数增强发起式C,2022-08-04,1.2736
140,014855,嘉实中证半导体指数增强发起式C,2022-08-03,1.2438
141,014855,嘉实中证半导体指数增强发起式C,2022-08-02,1.2153
142,014855,嘉实中证半导体指数增强发起式C,2022-08-01,1.2034
143,014855,嘉实中证半导体指数增强发起式C,2022-07-29,1.1782
144,014855,嘉实中证半导体指数增强发起式C,2022-07-28,1.1979
145,014855,嘉实中证半导体指数增强发起式C,2022-07-27,1.1691
146,014855,嘉实中证半导体指数增强发起式C,2022-07-26,1.1839
147,014855,嘉实中证半导体指数增强发起式C,2022-07-25,1.1766
148,014855,嘉实中证半导体指数增强发起式C,2022-07-22,1.1857
149,014855,嘉实中证半导体指数增强发起式C,2022-07-21,1.206
150,014855,嘉实中证半导体指数增强发起式C,2022-07-20,1.1593
151,014855,嘉实中证半导体指数增强发起式C,2022-07-19,1.1487
152,014855,嘉实中证半导体指数增强发起式C,2022-07-18,1.1544
153,014855,嘉实中证半导体指数增强发起式C,2022-07-15,1.1685
154,014855,嘉实中证半导体指数增强发起式C,2022-07-14,1.1501
155,014855,嘉实中证半导体指数增强发起式C,2022-07-13,1.1311
156,014855,嘉实中证半导体指数增强发起式C,2022-07-12,1.1424
157,014855,嘉实中证半导体指数增强发起式C,2022-07-11,1.1793
158,014855,嘉实中证半导体指数增强发起式C,2022-07-08,1.2112
159,014855,嘉实中证半导体指数增强发起式C,2022-07-07,1.205
160,014855,嘉实中证半导体指数增强发起式C,2022-07-06,1.1951
161,014855,嘉实中证半导体指数增强发起式C,2022-07-05,1.1648
162,014855,嘉实中证半导体指数增强发起式C,2022-07-04,1.169
163,014855,嘉实中证半导体指数增强发起式C,2022-07-01,1.2205
164,014855,嘉实中证半导体指数增强发起式C,2022-06-30,1.2386
165,014855,嘉实中证半导体指数增强发起式C,2022-06-29,1.2171
166,014855,嘉实中证半导体指数增强发起式C,2022-06-28,1.2424
167,014855,嘉实中证半导体指数增强发起式C,2022-06-27,1.2106
168,014855,嘉实中证半导体指数增强发起式C,2022-06-24,1.1977
169,014855,嘉实中证半导体指数增强发起式C,2022-06-23,1.1839
170,014855,嘉实中证半导体指数增强发起式C,2022-06-22,1.1509
171,014855,嘉实中证半导体指数增强发起式C,2022-06-21,1.182
172,014855,嘉实中证半导体指数增强发起式C,2022-06-20,1.1858
173,014855,嘉实中证半导体指数增强发起式C,2022-06-17,1.1759
174,014855,嘉实中证半导体指数增强发起式C,2022-06-16,1.1794
175,014855,嘉实中证半导体指数增强发起式C,2022-06-15,1.1445
176,014855,嘉实中证半导体指数增强发起式C,2022-06-14,1.1347
177,014855,嘉实中证半导体指数增强发起式C,2022-06-13,1.169
178,014855,嘉实中证半导体指数增强发起式C,2022-06-10,1.184
179,014855,嘉实中证半导体指数增强发起式C,2022-06-09,1.1672
180,014855,嘉实中证半导体指数增强发起式C,2022-06-08,1.2058
181,014855,嘉实中证半导体指数增强发起式C,2022-06-07,1.2179
182,014855,嘉实中证半导体指数增强发起式C,2022-06-06,1.2441
183,014855,嘉实中证半导体指数增强发起式C,2022-06-02,1.2109
184,014855,嘉实中证半导体指数增强发起式C,2022-06-01,1.1603
185,014855,嘉实中证半导体指数增强发起式C,2022-05-31,1.1473
186,014855,嘉实中证半导体指数增强发起式C,2022-05-30,1.129
187,014855,嘉实中证半导体指数增强发起式C,2022-05-27,1.1084
188,014855,嘉实中证半导体指数增强发起式C,2022-05-26,1.1167
189,014855,嘉实中证半导体指数增强发起式C,2022-05-25,1.1369
190,014855,嘉实中证半导体指数增强发起式C,2022-05-24,1.1374
191,014855,嘉实中证半导体指数增强发起式C,2022-05-23,1.1815
192,014855,嘉实中证半导体指数增强发起式C,2022-05-20,1.1712
193,014855,嘉实中证半导体指数增强发起式C,2022-05-19,1.1754
194,014855,嘉实中证半导体指数增强发起式C,2022-05-18,1.1493
195,014855,嘉实中证半导体指数增强发起式C,2022-05-17,1.1455
196,014855,嘉实中证半导体指数增强发起式C,2022-05-16,1.1041
